1	0	4	4	16129
1	0	2	2	16641
1	0	1	1	16900
1	0	0	0	17161
1	0	-1	0	17161
1	0	-2	0	17161
1	0	-4	0	17161
1	1	4	4	16129
1	1	2	2	16641
1	1	1	1	16900
1	1	0	0	17161
1	1	-1	0	17161
1	1	-2	0	17161
1	1	-4	0	17161
1	2	4	4	16129
1	2	2	2	16641
1	2	1	1	16900
1	2	0	0	17161
1	2	-1	0	17161
1	2	-2	0	17161
1	2	-4	0	17161
1	3	4	4	16129
1	3	2	2	16641
1	3	1	1	16900
1	3	0	0	17161
1	3	-1	0	17161
1	3	-2	0	17161
1	3	-4	0	17161
1	4	4	4	16129
1	4	2	2	16641
1	4	1	1	16900
1	4	0	0	17161
1	4	-1	0	17161
1	4	-2	0	17161
1	4	-4	0	17161
1	5	4	4	16129
1	5	2	2	16641
1	5	1	1	16900
1	5	0	0	17161
1	5	-1	0	17161
1	5	-2	0	17161
1	5	-4	0	17161
1	6	4	4	16129
1	6	2	2	16641
1	6	1	1	16900
1	6	0	0	17161
1	6	-1	0	17161
1	6	-2	0	17161
1	6	-4	0	17161
1	7	4	4	16129
1	7	2	2	16641
1	7	1	1	16900
1	7	0	0	17161
1	7	-1	0	17161
1	7	-2	0	17161
1	7	-4	0	17161
1	8	4	4	16129
1	8	2	2	16641
1	8	1	1	16900
1	8	0	0	17161
1	8	-1	0	17161
1	8	-2	0	17161
1	8	-4	0	17161
1	9	4	4	16129
1	9	2	2	16641
1	9	1	1	16900
1	9	0	0	17161
1	9	-1	0	17161
1	9	-2	0	17161
1	9	-4	0	17161
1	10	4	4	16129
1	10	2	2	16641
1	10	1	1	16900
1	10	0	0	17161
1	10	-1	0	17161
1	10	-2	0	17161
1	10	-4	0	17161
1	11	4	4	16129
1	11	2	2	16641
1	11	1	1	16900
1	11	0	0	17161
1	11	-1	0	17161
1	11	-2	0	17161
1	11	-4	0	17161
1	12	4	4	16129
1	12	2	2	16641
1	12	1	1	16900
1	12	0	0	17161
1	12	-1	0	17161
1	12	-2	0	17161
1	12	-4	0	17161
1	13	4	4	16129
1	13	2	2	16641
1	13	1	1	16900
1	13	0	0	17161
1	13	-1	0	17161
1	13	-2	0	17161
1	13	-4	0	17161
1	14	4	4	16129
1	14	2	2	16641
1	14	1	1	16900
1	14	0	0	17161
1	14	-1	0	17161
1	14	-2	0	17161
1	14	-4	0	17161
1	15	4	4	16129
1	15	2	2	16641
1	15	1	1	16900
1	15	0	0	17161
1	15	-1	0	17161
1	15	-2	0	17161
1	15	-4	0	17161
1	16	4	4	16129
1	16	2	2	16641
1	16	1	1	16900
1	16	0	0	17161
1	16	-1	0	17161
1	16	-2	0	17161
1	16	-4	0	17161
1	17	4	4	16129
1	17	2	2	16641
1	17	1	1	16900
1	17	0	0	17161
1	17	-1	0	17161
1	17	-2	0	17161
1	17	-4	0	17161
1	18	4	4	16129
1	18	2	2	16641
1	18	1	1	16900
1	18	0	0	17161
1	18	-1	0	17161
1	18	-2	0	17161
1	18	-4	0	17161
1	19	4	4	16129
1	19	2	2	16641
1	19	1	1	16900
1	19	0	0	17161
1	19	-1	0	17161
1	19	-2	0	17161
1	19	-4	0	17161
1	20	4	4	16129
1	20	2	2	16641
1	20	1	1	16900
1	20	0	0	17161
1	20	-1	0	17161
1	20	-2	0	17161
1	20	-4	0	17161
1	21	4	4	16129
1	21	2	2	16641
1	21	1	1	16900
1	21	0	0	17161
1	21	-1	0	17161
1	21	-2	0	17161
1	21	-4	0	17161
1	22	4	4	16129
1	22	2	2	16641
1	22	1	1	16900
1	22	0	0	17161
1	22	-1	0	17161
1	22	-2	0	17161
1	22	-4	0	17161
1	23	4	4	16129
1	23	2	2	16641
1	23	1	1	16900
1	23	0	0	17161
1	23	-1	0	17161
1	23	-2	0	17161
1	23	-4	0	17161
1	24	4	4	16129
1	24	2	2	16641
1	24	1	1	16900
1	24	0	0	17161
1	24	-1	0	17161
1	24	-2	0	17161
1	24	-4	0	17161
1	25	4	4	16129
1	25	2	2	16641
1	25	1	1	16900
1	25	0	0	17161
1	25	-1	0	17161
1	25	-2	0	17161
1	25	-4	0	17161
1	26	4	4	16129
1	26	2	2	16641
1	26	1	1	16900
1	26	0	0	17161
1	26	-1	0	17161
1	26	-2	0	17161
1	26	-4	0	17161
1	27	4	4	16129
1	27	2	2	16641
1	27	1	1	16900
1	27	0	0	17161
1	27	-1	0	17161
1	27	-2	0	17161
1	27	-4	0	17161
1	28	4	4	16129
1	28	2	2	16641
1	28	1	1	16900
1	28	0	0	17161
1	28	-1	0	17161
1	28	-2	0	17161
1	28	-4	0	17161
1	29	4	4	16129
1	29	2	2	16641
1	29	1	1	16900
1	29	0	0	17161
1	29	-1	0	17161
1	29	-2	0	17161
1	29	-4	0	17161
1	30	4	4	16129
1	30	2	2	16641
1	30	1	1	16900
1	30	0	0	17161
1	30	-1	0	17161
1	30	-2	0	17161
1	30	-4	0	17161
1	31	4	4	16129
1	31	2	2	16641
1	31	1	1	16900
1	31	0	0	17161
1	31	-1	0	17161
1	31	-2	0	17161
1	31	-4	0	17161
1	32	4	4	16129
1	32	2	2	16641
1	32	1	1	16900
1	32	0	0	17161
1	32	-1	0	17161
1	32	-2	0	17161
1	32	-4	0	17161
1	33	4	4	16129
1	33	2	2	16641
1	33	1	1	16900
1	33	0	0	17161
1	33	-1	0	17161
1	33	-2	0	17161
1	33	-4	0	17161
1	34	4	4	16129
1	34	2	2	16641
1	34	1	1	16900
1	34	0	0	17161
1	34	-1	0	17161
1	34	-2	0	17161
1	34	-4	0	17161
1	35	4	4	16129
1	35	2	2	16641
1	35	1	1	16900
1	35	0	0	17161
1	35	-1	0	17161
1	35	-2	0	17161
1	35	-4	0	17161
1	36	4	4	16129
1	36	2	2	16641
1	36	1	1	16900
1	36	0	0	17161
1	36	-1	0	17161
1	36	-2	0	17161
1	36	-4	0	17161
1	37	4	4	16129
1	37	2	2	16641
1	37	1	1	16900
1	37	0	0	17161
1	37	-1	0	17161
1	37	-2	0	17161
1	37	-4	0	17161
1	38	4	4	16129
1	38	2	2	16641
1	38	1	1	16900
1	38	0	0	17161
1	38	-1	0	17161
1	38	-2	0	17161
1	38	-4	0	17161
1	39	4	4	16129
1	39	2	2	16641
1	39	1	1	16900
1	39	0	0	17161
1	39	-1	0	17161
1	39	-2	0	17161
1	39	-4	0	17161
1	40	4	4	16129
1	40	2	2	16641
1	40	1	1	16900
1	40	0	0	17161
1	40	-1	0	17161
1	40	-2	0	17161
1	40	-4	0	17161
1	41	4	4	16129
1	41	2	2	16641
1	41	1	1	16900
1	41	0	0	17161
1	41	-1	0	17161
1	41	-2	0	17161
1	41	-4	0	17161
1	42	4	4	16129
1	42	2	2	16641
1	42	1	1	16900
1	42	0	0	17161
1	42	-1	0	17161
1	42	-2	0	17161
1	42	-4	0	17161
1	43	4	4	16129
1	43	2	2	16641
1	43	1	1	16900
1	43	0	0	17161
1	43	-1	0	17161
1	43	-2	0	17161
1	43	-4	0	17161
1	44	4	4	16129
1	44	2	2	16641
1	44	1	1	16900
1	44	0	0	17161
1	44	-1	0	17161
1	44	-2	0	17161
1	44	-4	0	17161
1	45	4	4	16129
1	45	2	2	16641
1	45	1	1	16900
1	45	0	0	17161
1	45	-1	0	17161
1	45	-2	0	17161
1	45	-4	0	17161
1	46	4	4	16129
1	46	2	2	16641
1	46	1	1	16900
1	46	0	0	17161
1	46	-1	0	17161
1	46	-2	0	17161
1	46	-4	0	17161
1	47	4	4	16129
1	47	2	2	16641
1	47	1	1	16900
1	47	0	0	17161
1	47	-1	0	17161
1	47	-2	0	17161
1	47	-4	0	17161
1	48	4	4	16129
1	48	2	2	16641
1	48	1	1	16900
1	48	0	0	17161
1	48	-1	0	17161
1	48	-2	0	17161
1	48	-4	0	17161
1	49	4	4	16129
1	49	2	2	16641
1	49	1	1	16900
1	49	0	0	17161
1	49	-1	0	17161
1	49	-2	0	17161
1	49	-4	0	17161
1	50	4	4	16129
1	50	2	2	16641
1	50	1	1	16900
1	50	0	0	17161
1	50	-1	0	17161
1	50	-2	0	17161
1	50	-4	0	17161
1	51	4	4	16129
1	51	2	2	16641
1	51	1	1	16900
1	51	0	0	17161
1	51	-1	0	17161
1	51	-2	0	17161
1	51	-4	0	17161
1	52	4	4	16129
1	52	2	2	16641
1	52	1	1	16900
1	52	0	0	17161
1	52	-1	0	17161
1	52	-2	0	17161
1	52	-4	0	17161
1	53	4	4	16129
1	53	2	2	16641
1	53	1	1	16900
1	53	0	0	17161
1	53	-1	0	17161
1	53	-2	0	17161
1	53	-4	0	17161
1	54	4	4	16129
1	54	2	2	16641
1	54	1	1	16900
1	54	0	0	17161
1	54	-1	0	17161
1	54	-2	0	17161
1	54	-4	0	17161
1	55	4	4	16129
1	55	2	2	16641
1	55	1	1	16900
1	55	0	0	17161
1	55	-1	0	17161
1	55	-2	0	17161
1	55	-4	0	17161
1	56	4	4	16129
1	56	2	2	16641
1	56	1	1	16900
1	56	0	0	17161
1	56	-1	0	17161
1	56	-2	0	17161
1	56	-4	0	17161
1	57	4	4	16129
1	57	2	2	16641
1	57	1	1	16900
1	57	0	0	17161
1	57	-1	0	17161
1	57	-2	0	17161
1	57	-4	0	17161
1	58	4	4	16129
1	58	2	2	16641
1	58	1	1	16900
1	58	0	0	17161
1	58	-1	0	17161
1	58	-2	0	17161
1	58	-4	0	17161
1	59	4	4	16129
1	59	2	2	16641
1	59	1	1	16900
1	59	0	0	17161
1	59	-1	0	17161
1	59	-2	0	17161
1	59	-4	0	17161
1	60	4	4	16129
1	60	2	2	16641
1	60	1	1	16900
1	60	0	0	17161
1	60	-1	0	17161
1	60	-2	0	17161
1	60	-4	0	17161
1	61	4	4	16129
1	61	2	2	16641
1	61	1	1	16900
1	61	0	0	17161
1	61	-1	0	17161
1	61	-2	0	17161
1	61	-4	0	17161
1	62	4	4	16129
1	62	2	2	16641
1	62	1	1	16900
1	62	0	0	17161
1	62	-1	0	17161
1	62	-2	0	17161
1	62	-4	0	17161
1	63	4	4	16129
1	63	2	2	16641
1	63	1	1	16900
1	63	0	0	17161
1	63	-1	0	17161
1	63	-2	0	17161
1	63	-4	0	17161
1	64	4	4	16129
1	64	2	2	16641
1	64	1	1	16900
1	64	0	0	17161
1	64	-1	0	17161
1	64	-2	0	17161
1	64	-4	0	17161
1	65	4	4	16129
1	65	2	2	16641
1	65	1	1	16900
1	65	0	0	17161
1	65	-1	0	17161
1	65	-2	0	17161
1	65	-4	0	17161
1	66	4	4	16129
1	66	2	2	16641
1	66	1	1	16900
1	66	0	0	17161
1	66	-1	0	17161
1	66	-2	0	17161
1	66	-4	0	17161
1	67	4	4	16129
1	67	2	2	16641
1	67	1	1	16900
1	67	0	0	17161
1	67	-1	0	17161
1	67	-2	0	17161
1	67	-4	0	17161
1	68	4	4	16129
1	68	2	2	16641
1	68	1	1	16900
1	68	0	0	17161
1	68	-1	0	17161
1	68	-2	0	17161
1	68	-4	0	17161
1	69	4	4	16129
1	69	2	2	16641
1	69	1	1	16900
1	69	0	0	17161
1	69	-1	0	17161
1	69	-2	0	17161
1	69	-4	0	17161
1	70	4	4	16129
1	70	2	2	16641
1	70	1	1	16900
1	70	0	0	17161
1	70	-1	0	17161
1	70	-2	0	17161
1	70	-4	0	17161
1	71	4	4	16129
1	71	2	2	16641
1	71	1	1	16900
1	71	0	0	17161
1	71	-1	0	17161
1	71	-2	0	17161
1	71	-4	0	17161
1	72	4	4	16129
1	72	2	2	16641
1	72	1	1	16900
1	72	0	0	17161
1	72	-1	0	17161
1	72	-2	0	17161
1	72	-4	0	17161
1	73	4	4	16129
1	73	2	2	16641
1	73	1	1	16900
1	73	0	0	17161
1	73	-1	0	17161
1	73	-2	0	17161
1	73	-4	0	17161
1	74	4	4	16129
1	74	2	2	16641
1	74	1	1	16900
1	74	0	0	17161
1	74	-1	0	17161
1	74	-2	0	17161
1	74	-4	0	17161
1	75	4	4	16129
1	75	2	2	16641
1	75	1	1	16900
1	75	0	0	17161
1	75	-1	0	17161
1	75	-2	0	17161
1	75	-4	0	17161
1	76	4	4	16129
1	76	2	2	16641
1	76	1	1	16900
1	76	0	0	17161
1	76	-1	0	17161
1	76	-2	0	17161
1	76	-4	0	17161
1	77	4	4	16129
1	77	2	2	16641
1	77	1	1	16900
1	77	0	0	17161
1	77	-1	0	17161
1	77	-2	0	17161
1	77	-4	0	17161
1	78	4	4	16129
1	78	2	2	16641
1	78	1	1	16900
1	78	0	0	17161
1	78	-1	0	17161
1	78	-2	0	17161
1	78	-4	0	17161
1	79	4	4	16129
1	79	2	2	16641
1	79	1	1	16900
1	79	0	0	17161
1	79	-1	0	17161
1	79	-2	0	17161
1	79	-4	0	17161
1	80	4	4	16129
1	80	2	2	16641
1	80	1	1	16900
1	80	0	0	17161
1	80	-1	0	17161
1	80	-2	0	17161
1	80	-4	0	17161
1	81	4	4	16129
1	81	2	2	16641
1	81	1	1	16900
1	81	0	0	17161
1	81	-1	0	17161
1	81	-2	0	17161
1	81	-4	0	17161
1	82	4	4	16129
1	82	2	2	16641
1	82	1	1	16900
1	82	0	0	17161
1	82	-1	0	17161
1	82	-2	0	17161
1	82	-4	0	17161
1	83	4	4	16129
1	83	2	2	16641
1	83	1	1	16900
1	83	0	0	17161
1	83	-1	0	17161
1	83	-2	0	17161
1	83	-4	0	17161
1	84	4	4	16129
1	84	2	2	16641
1	84	1	1	16900
1	84	0	0	17161
1	84	-1	0	17161
1	84	-2	0	17161
1	84	-4	0	17161
1	85	4	4	16129
1	85	2	2	16641
1	85	1	1	16900
1	85	0	0	17161
1	85	-1	0	17161
1	85	-2	0	17161
1	85	-4	0	17161
1	86	4	4	16129
1	86	2	2	16641
1	86	1	1	16900
1	86	0	0	17161
1	86	-1	0	17161
1	86	-2	0	17161
1	86	-4	0	17161
1	87	4	4	16129
1	87	2	2	16641
1	87	1	1	16900
1	87	0	0	17161
1	87	-1	0	17161
1	87	-2	0	17161
1	87	-4	0	17161
1	88	4	4	16129
1	88	2	2	16641
1	88	1	1	16900
1	88	0	0	17161
1	88	-1	0	17161
1	88	-2	0	17161
1	88	-4	0	17161
1	89	4	4	16129
1	89	2	2	16641
1	89	1	1	16900
1	89	0	0	17161
1	89	-1	0	17161
1	89	-2	0	17161
1	89	-4	0	17161
1	90	4	4	16129
1	90	2	2	16641
1	90	1	1	16900
1	90	0	0	17161
1	90	-1	0	17161
1	90	-2	0	17161
1	90	-4	0	17161
1	91	4	4	16129
1	91	2	2	16641
1	91	1	1	16900
1	91	0	0	17161
1	91	-1	0	17161
1	91	-2	0	17161
1	91	-4	0	17161
1	92	4	4	16129
1	92	2	2	16641
1	92	1	1	16900
1	92	0	0	17161
1	92	-1	0	17161
1	92	-2	0	17161
1	92	-4	0	17161
1	93	4	4	16129
1	93	2	2	16641
1	93	1	1	16900
1	93	0	0	17161
1	93	-1	0	17161
1	93	-2	0	17161
1	93	-4	0	17161
1	94	4	4	16129
1	94	2	2	16641
1	94	1	1	16900
1	94	0	0	17161
1	94	-1	0	17161
1	94	-2	0	17161
1	94	-4	0	17161
1	95	4	4	16129
1	95	2	2	16641
1	95	1	1	16900
1	95	0	0	17161
1	95	-1	0	17161
1	95	-2	0	17161
1	95	-4	0	17161
1	96	4	4	16129
1	96	2	2	16641
1	96	1	1	16900
1	96	0	0	17161
1	96	-1	0	17161
1	96	-2	0	17161
1	96	-4	0	17161
1	97	4	4	16129
1	97	2	2	16641
1	97	1	1	16900
1	97	0	0	17161
1	97	-1	0	17161
1	97	-2	0	17161
1	97	-4	0	17161
1	98	4	4	16129
1	98	2	2	16641
1	98	1	1	16900
1	98	0	0	17161
1	98	-1	0	17161
1	98	-2	0	17161
1	98	-4	0	17161
1	99	4	4	16129
1	99	2	2	16641
1	99	1	1	16900
1	99	0	0	17161
1	99	-1	0	17161
1	99	-2	0	17161
1	99	-4	0	17161
1	100	4	4	16129
1	100	2	2	16641
1	100	1	1	16900
1	100	0	0	17161
1	100	-1	0	17161
1	100	-2	0	17161
1	100	-4	0	17161
1	101	4	4	16129
1	101	2	2	16641
1	101	1	1	16900
1	101	0	0	17161
1	101	-1	0	17161
1	101	-2	0	17161
1	101	-4	0	17161
1	102	4	4	16129
1	102	2	2	16641
1	102	1	1	16900
1	102	0	0	17161
1	102	-1	0	17161
1	102	-2	0	17161
1	102	-4	0	17161
1	103	4	4	16129
1	103	2	2	16641
1	103	1	1	16900
1	103	0	0	17161
1	103	-1	0	17161
1	103	-2	0	17161
1	103	-4	0	17161
1	104	4	4	16129
1	104	2	2	16641
1	104	1	1	16900
1	104	0	0	17161
1	104	-1	0	17161
1	104	-2	0	17161
1	104	-4	0	17161
1	105	4	4	16129
1	105	2	2	16641
1	105	1	1	16900
1	105	0	0	17161
1	105	-1	0	17161
1	105	-2	0	17161
1	105	-4	0	17161
1	106	4	4	16129
1	106	2	2	16641
1	106	1	1	16900
1	106	0	0	17161
1	106	-1	0	17161
1	106	-2	0	17161
1	106	-4	0	17161
1	107	4	4	16129
1	107	2	2	16641
1	107	1	1	16900
1	107	0	0	17161
1	107	-1	0	17161
1	107	-2	0	17161
1	107	-4	0	17161
1	108	4	4	16129
1	108	2	2	16641
1	108	1	1	16900
1	108	0	0	17161
1	108	-1	0	17161
1	108	-2	0	17161
1	108	-4	0	17161
1	109	4	4	16129
1	109	2	2	16641
1	109	1	1	16900
1	109	0	0	17161
1	109	-1	0	17161
1	109	-2	0	17161
1	109	-4	0	17161
1	110	4	4	16129
1	110	2	2	16641
1	110	1	1	16900
1	110	0	0	17161
1	110	-1	0	17161
1	110	-2	0	17161
1	110	-4	0	17161
1	111	4	4	16129
1	111	2	2	16641
1	111	1	1	16900
1	111	0	0	17161
1	111	-1	0	17161
1	111	-2	0	17161
1	111	-4	0	17161
1	112	4	4	16129
1	112	2	2	16641
1	112	1	1	16900
1	112	0	0	17161
1	112	-1	0	17161
1	112	-2	0	17161
1	112	-4	0	17161
1	113	4	4	16129
1	113	2	2	16641
1	113	1	1	16900
1	113	0	0	17161
1	113	-1	0	17161
1	113	-2	0	17161
1	113	-4	0	17161
1	114	4	4	16129
1	114	2	2	16641
1	114	1	1	16900
1	114	0	0	17161
1	114	-1	0	17161
1	114	-2	0	17161
1	114	-4	0	17161
1	115	4	4	16129
1	115	2	2	16641
1	115	1	1	16900
1	115	0	0	17161
1	115	-1	0	17161
1	115	-2	0	17161
1	115	-4	0	17161
1	116	4	4	16129
1	116	2	2	16641
1	116	1	1	16900
1	116	0	0	17161
1	116	-1	0	17161
1	116	-2	0	17161
1	116	-4	0	17161
1	117	4	4	16129
1	117	2	2	16641
1	117	1	1	16900
1	117	0	0	17161
1	117	-1	0	17161
1	117	-2	0	17161
1	117	-4	0	17161
1	118	4	4	16129
1	118	2	2	16641
1	118	1	1	16900
1	118	0	0	17161
1	118	-1	0	17161
1	118	-2	0	17161
1	118	-4	0	17161
1	119	4	4	16129
1	119	2	2	16641
1	119	1	1	16900
1	119	0	0	17161
1	119	-1	0	17161
1	119	-2	0	17161
1	119	-4	0	17161
1	120	4	4	16129
1	120	2	2	16641
1	120	1	1	16900
1	120	0	0	17161
1	120	-1	0	17161
1	120	-2	0	17161
1	120	-4	0	17161
1	121	4	4	16129
1	121	2	2	16641
1	121	1	1	16900
1	121	0	0	17161
1	121	-1	0	17161
1	121	-2	0	17161
1	121	-4	0	17161
1	122	4	4	16129
1	122	2	2	16641
1	122	1	1	16900
1	122	0	0	17161
1	122	-1	0	17161
1	122	-2	0	17161
1	122	-4	0	17161
1	123	4	4	16129
1	123	2	2	16641
1	123	1	1	16900
1	123	0	0	17161
1	123	-1	0	17161
1	123	-2	0	17161
1	123	-4	0	17161
1	124	4	4	16129
1	124	2	2	16641
1	124	1	1	16900
1	124	0	0	17161
1	124	-1	0	17161
1	124	-2	0	17161
1	124	-4	0	17161
1	125	4	4	16129
1	125	2	2	16641
1	125	1	1	16900
1	125	0	0	17161
1	125	-1	0	17161
1	125	-2	0	17161
1	125	-4	0	17161
1	126	4	4	16129
1	126	2	2	16641
1	126	1	1	16900
1	126	0	0	17161
1	126	-1	0	17161
1	126	-2	0	17161
1	126	-4	0	17161
1	127	4	4	16129
1	127	2	2	16641
1	127	1	1	16900
1	127	0	0	17161
1	127	-1	0	17161
1	127	-2	0	17161
1	127	-4	0	17161
1	128	4	132	1
1	128	2	130	1
1	128	1	129	4
1	128	0	128	9
1	128	-1	127	16
1	128	-2	126	25
1	128	-4	124	49
1	129	4	4	16129
1	129	2	2	16641
1	129	1	1	16900
1	129	0	0	17161
1	129	-1	0	17161
1	129	-2	0	17161
1	129	-4	0	17161
1	130	4	4	16129
1	130	2	2	16641
1	130	1	1	16900
1	130	0	0	17161
1	130	-1	0	17161
1	130	-2	0	17161
1	130	-4	0	17161
1	131	4	4	16129
1	131	2	2	16641
1	131	1	1	16900
1	131	0	0	17161
1	131	-1	0	17161
1	131	-2	0	17161
1	131	-4	0	17161
1	132	4	4	16129
1	132	2	2	16641
1	132	1	1	16900
1	132	0	0	17161
1	132	-1	0	17161
1	132	-2	0	17161
1	132	-4	0	17161
1	133	4	4	16129
1	133	2	2	16641
1	133	1	1	16900
1	133	0	0	17161
1	133	-1	0	17161
1	133	-2	0	17161
1	133	-4	0	17161
1	134	4	4	16129
1	134	2	2	16641
1	134	1	1	16900
1	134	0	0	17161
1	134	-1	0	17161
1	134	-2	0	17161
1	134	-4	0	17161
1	135	4	4	16129
1	135	2	2	16641
1	135	1	1	16900
1	135	0	0	17161
1	135	-1	0	17161
1	135	-2	0	17161
1	135	-4	0	17161
1	136	4	4	16129
1	136	2	2	16641
1	136	1	1	16900
1	136	0	0	17161
1	136	-1	0	17161
1	136	-2	0	17161
1	136	-4	0	17161
1	137	4	4	16129
1	137	2	2	16641
1	137	1	1	16900
1	137	0	0	17161
1	137	-1	0	17161
1	137	-2	0	17161
1	137	-4	0	17161
1	138	4	4	16129
1	138	2	2	16641
1	138	1	1	16900
1	138	0	0	17161
1	138	-1	0	17161
1	138	-2	0	17161
1	138	-4	0	17161
1	139	4	4	16129
1	139	2	2	16641
1	139	1	1	16900
1	139	0	0	17161
1	139	-1	0	17161
1	139	-2	0	17161
1	139	-4	0	17161
1	140	4	4	16129
1	140	2	2	16641
1	140	1	1	16900
1	140	0	0	17161
1	140	-1	0	17161
1	140	-2	0	17161
1	140	-4	0	17161
1	141	4	4	16129
1	141	2	2	16641
1	141	1	1	16900
1	141	0	0	17161
1	141	-1	0	17161
1	141	-2	0	17161
1	141	-4	0	17161
1	142	4	4	16129
1	142	2	2	16641
1	142	1	1	16900
1	142	0	0	17161
1	142	-1	0	17161
1	142	-2	0	17161
1	142	-4	0	17161
1	143	4	4	16129
1	143	2	2	16641
1	143	1	1	16900
1	143	0	0	17161
1	143	-1	0	17161
1	143	-2	0	17161
1	143	-4	0	17161
1	144	4	4	16129
1	144	2	2	16641
1	144	1	1	16900
1	144	0	0	17161
1	144	-1	0	17161
1	144	-2	0	17161
1	144	-4	0	17161
1	145	4	4	16129
1	145	2	2	16641
1	145	1	1	16900
1	145	0	0	17161
1	145	-1	0	17161
1	145	-2	0	17161
1	145	-4	0	17161
1	146	4	4	16129
1	146	2	2	16641
1	146	1	1	16900
1	146	0	0	17161
1	146	-1	0	17161
1	146	-2	0	17161
1	146	-4	0	17161
1	147	4	4	16129
1	147	2	2	16641
1	147	1	1	16900
1	147	0	0	17161
1	147	-1	0	17161
1	147	-2	0	17161
1	147	-4	0	17161
1	148	4	4	16129
1	148	2	2	16641
1	148	1	1	16900
1	148	0	0	17161
1	148	-1	0	17161
1	148	-2	0	17161
1	148	-4	0	17161
1	149	4	4	16129
1	149	2	2	16641
1	149	1	1	16900
1	149	0	0	17161
1	149	-1	0	17161
1	149	-2	0	17161
1	149	-4	0	17161
1	150	4	4	16129
1	150	2	2	16641
1	150	1	1	16900
1	150	0	0	17161
1	150	-1	0	17161
1	150	-2	0	17161
1	150	-4	0	17161
1	151	4	4	16129
1	151	2	2	16641
1	151	1	1	16900
1	151	0	0	17161
1	151	-1	0	17161
1	151	-2	0	17161
1	151	-4	0	17161
1	152	4	4	16129
1	152	2	2	16641
1	152	1	1	16900
1	152	0	0	17161
1	152	-1	0	17161
1	152	-2	0	17161
1	152	-4	0	17161
1	153	4	4	16129
1	153	2	2	16641
1	153	1	1	16900
1	153	0	0	17161
1	153	-1	0	17161
1	153	-2	0	17161
1	153	-4	0	17161
1	154	4	4	16129
1	154	2	2	16641
1	154	1	1	16900
1	154	0	0	17161
1	154	-1	0	17161
1	154	-2	0	17161
1	154	-4	0	17161
1	155	4	4	16129
1	155	2	2	16641
1	155	1	1	16900
1	155	0	0	17161
1	155	-1	0	17161
1	155	-2	0	17161
1	155	-4	0	17161
1	156	4	4	16129
1	156	2	2	16641
1	156	1	1	16900
1	156	0	0	17161
1	156	-1	0	17161
1	156	-2	0	17161
1	156	-4	0	17161
1	157	4	4	16129
1	157	2	2	16641
1	157	1	1	16900
1	157	0	0	17161
1	157	-1	0	17161
1	157	-2	0	17161
1	157	-4	0	17161
1	158	4	4	16129
1	158	2	2	16641
1	158	1	1	16900
1	158	0	0	17161
1	158	-1	0	17161
1	158	-2	0	17161
1	158	-4	0	17161
1	159	4	4	16129
1	159	2	2	16641
1	159	1	1	16900
1	159	0	0	17161
1	159	-1	0	17161
1	159	-2	0	17161
1	159	-4	0	17161
1	160	4	4	16129
1	160	2	2	16641
1	160	1	1	16900
1	160	0	0	17161
1	160	-1	0	17161
1	160	-2	0	17161
1	160	-4	0	17161
1	161	4	4	16129
1	161	2	2	16641
1	161	1	1	16900
1	161	0	0	17161
1	161	-1	0	17161
1	161	-2	0	17161
1	161	-4	0	17161
1	162	4	4	16129
1	162	2	2	16641
1	162	1	1	16900
1	162	0	0	17161
1	162	-1	0	17161
1	162	-2	0	17161
1	162	-4	0	17161
1	163	4	4	16129
1	163	2	2	16641
1	163	1	1	16900
1	163	0	0	17161
1	163	-1	0	17161
1	163	-2	0	17161
1	163	-4	0	17161
1	164	4	4	16129
1	164	2	2	16641
1	164	1	1	16900
1	164	0	0	17161
1	164	-1	0	17161
1	164	-2	0	17161
1	164	-4	0	17161
1	165	4	4	16129
1	165	2	2	16641
1	165	1	1	16900
1	165	0	0	17161
1	165	-1	0	17161
1	165	-2	0	17161
1	165	-4	0	17161
1	166	4	4	16129
1	166	2	2	16641
1	166	1	1	16900
1	166	0	0	17161
1	166	-1	0	17161
1	166	-2	0	17161
1	166	-4	0	17161
1	167	4	4	16129
1	167	2	2	16641
1	167	1	1	16900
1	167	0	0	17161
1	167	-1	0	17161
1	167	-2	0	17161
1	167	-4	0	17161
1	168	4	4	16129
1	168	2	2	16641
1	168	1	1	16900
1	168	0	0	17161
1	168	-1	0	17161
1	168	-2	0	17161
1	168	-4	0	17161
1	169	4	4	16129
1	169	2	2	16641
1	169	1	1	16900
1	169	0	0	17161
1	169	-1	0	17161
1	169	-2	0	17161
1	169	-4	0	17161
1	170	4	4	16129
1	170	2	2	16641
1	170	1	1	16900
1	170	0	0	17161
1	170	-1	0	17161
1	170	-2	0	17161
1	170	-4	0	17161
1	171	4	4	16129
1	171	2	2	16641
1	171	1	1	16900
1	171	0	0	17161
1	171	-1	0	17161
1	171	-2	0	17161
1	171	-4	0	17161
1	172	4	4	16129
1	172	2	2	16641
1	172	1	1	16900
1	172	0	0	17161
1	172	-1	0	17161
1	172	-2	0	17161
1	172	-4	0	17161
1	173	4	4	16129
1	173	2	2	16641
1	173	1	1	16900
1	173	0	0	17161
1	173	-1	0	17161
1	173	-2	0	17161
1	173	-4	0	17161
1	174	4	4	16129
1	174	2	2	16641
1	174	1	1	16900
1	174	0	0	17161
1	174	-1	0	17161
1	174	-2	0	17161
1	174	-4	0	17161
1	175	4	4	16129
1	175	2	2	16641
1	175	1	1	16900
1	175	0	0	17161
1	175	-1	0	17161
1	175	-2	0	17161
1	175	-4	0	17161
1	176	4	4	16129
1	176	2	2	16641
1	176	1	1	16900
1	176	0	0	17161
1	176	-1	0	17161
1	176	-2	0	17161
1	176	-4	0	17161
1	177	4	4	16129
1	177	2	2	16641
1	177	1	1	16900
1	177	0	0	17161
1	177	-1	0	17161
1	177	-2	0	17161
1	177	-4	0	17161
1	178	4	4	16129
1	178	2	2	16641
1	178	1	1	16900
1	178	0	0	17161
1	178	-1	0	17161
1	178	-2	0	17161
1	178	-4	0	17161
1	179	4	4	16129
1	179	2	2	16641
1	179	1	1	16900
1	179	0	0	17161
1	179	-1	0	17161
1	179	-2	0	17161
1	179	-4	0	17161
1	180	4	4	16129
1	180	2	2	16641
1	180	1	1	16900
1	180	0	0	17161
1	180	-1	0	17161
1	180	-2	0	17161
1	180	-4	0	17161
1	181	4	4	16129
1	181	2	2	16641
1	181	1	1	16900
1	181	0	0	17161
1	181	-1	0	17161
1	181	-2	0	17161
1	181	-4	0	17161
1	182	4	4	16129
1	182	2	2	16641
1	182	1	1	16900
1	182	0	0	17161
1	182	-1	0	17161
1	182	-2	0	17161
1	182	-4	0	17161
1	183	4	4	16129
1	183	2	2	16641
1	183	1	1	16900
1	183	0	0	17161
1	183	-1	0	17161
1	183	-2	0	17161
1	183	-4	0	17161
1	184	4	4	16129
1	184	2	2	16641
1	184	1	1	16900
1	184	0	0	17161
1	184	-1	0	17161
1	184	-2	0	17161
1	184	-4	0	17161
1	185	4	4	16129
1	185	2	2	16641
1	185	1	1	16900
1	185	0	0	17161
1	185	-1	0	17161
1	185	-2	0	17161
1	185	-4	0	17161
1	186	4	4	16129
1	186	2	2	16641
1	186	1	1	16900
1	186	0	0	17161
1	186	-1	0	17161
1	186	-2	0	17161
1	186	-4	0	17161
1	187	4	4	16129
1	187	2	2	16641
1	187	1	1	16900
1	187	0	0	17161
1	187	-1	0	17161
1	187	-2	0	17161
1	187	-4	0	17161
1	188	4	4	16129
1	188	2	2	16641
1	188	1	1	16900
1	188	0	0	17161
1	188	-1	0	17161
1	188	-2	0	17161
1	188	-4	0	17161
1	189	4	4	16129
1	189	2	2	16641
1	189	1	1	16900
1	189	0	0	17161
1	189	-1	0	17161
1	189	-2	0	17161
1	189	-4	0	17161
1	190	4	4	16129
1	190	2	2	16641
1	190	1	1	16900
1	190	0	0	17161
1	190	-1	0	17161
1	190	-2	0	17161
1	190	-4	0	17161
1	191	4	4	16129
1	191	2	2	16641
1	191	1	1	16900
1	191	0	0	17161
1	191	-1	0	17161
1	191	-2	0	17161
1	191	-4	0	17161
1	192	4	4	16129
1	192	2	2	16641
1	192	1	1	16900
1	192	0	0	17161
1	192	-1	0	17161
1	192	-2	0	17161
1	192	-4	0	17161
1	193	4	4	16129
1	193	2	2	16641
1	193	1	1	16900
1	193	0	0	17161
1	193	-1	0	17161
1	193	-2	0	17161
1	193	-4	0	17161
1	194	4	4	16129
1	194	2	2	16641
1	194	1	1	16900
1	194	0	0	17161
1	194	-1	0	17161
1	194	-2	0	17161
1	194	-4	0	17161
1	195	4	4	16129
1	195	2	2	16641
1	195	1	1	16900
1	195	0	0	17161
1	195	-1	0	17161
1	195	-2	0	17161
1	195	-4	0	17161
1	196	4	4	16129
1	196	2	2	16641
1	196	1	1	16900
1	196	0	0	17161
1	196	-1	0	17161
1	196	-2	0	17161
1	196	-4	0	17161
1	197	4	4	16129
1	197	2	2	16641
1	197	1	1	16900
1	197	0	0	17161
1	197	-1	0	17161
1	197	-2	0	17161
1	197	-4	0	17161
1	198	4	4	16129
1	198	2	2	16641
1	198	1	1	16900
1	198	0	0	17161
1	198	-1	0	17161
1	198	-2	0	17161
1	198	-4	0	17161
1	199	4	4	16129
1	199	2	2	16641
1	199	1	1	16900
1	199	0	0	17161
1	199	-1	0	17161
1	199	-2	0	17161
1	199	-4	0	17161
1	200	4	4	16129
1	200	2	2	16641
1	200	1	1	16900
1	200	0	0	17161
1	200	-1	0	17161
1	200	-2	0	17161
1	200	-4	0	17161
1	201	4	4	16129
1	201	2	2	16641
1	201	1	1	16900
1	201	0	0	17161
1	201	-1	0	17161
1	201	-2	0	17161
1	201	-4	0	17161
1	202	4	4	16129
1	202	2	2	16641
1	202	1	1	16900
1	202	0	0	17161
1	202	-1	0	17161
1	202	-2	0	17161
1	202	-4	0	17161
1	203	4	4	16129
1	203	2	2	16641
1	203	1	1	16900
1	203	0	0	17161
1	203	-1	0	17161
1	203	-2	0	17161
1	203	-4	0	17161
1	204	4	4	16129
1	204	2	2	16641
1	204	1	1	16900
1	204	0	0	17161
1	204	-1	0	17161
1	204	-2	0	17161
1	204	-4	0	17161
1	205	4	4	16129
1	205	2	2	16641
1	205	1	1	16900
1	205	0	0	17161
1	205	-1	0	17161
1	205	-2	0	17161
1	205	-4	0	17161
1	206	4	4	16129
1	206	2	2	16641
1	206	1	1	16900
1	206	0	0	17161
1	206	-1	0	17161
1	206	-2	0	17161
1	206	-4	0	17161
1	207	4	4	16129
1	207	2	2	16641
1	207	1	1	16900
1	207	0	0	17161
1	207	-1	0	17161
1	207	-2	0	17161
1	207	-4	0	17161
1	208	4	4	16129
1	208	2	2	16641
1	208	1	1	16900
1	208	0	0	17161
1	208	-1	0	17161
1	208	-2	0	17161
1	208	-4	0	17161
1	209	4	4	16129
1	209	2	2	16641
1	209	1	1	16900
1	209	0	0	17161
1	209	-1	0	17161
1	209	-2	0	17161
1	209	-4	0	17161
1	210	4	4	16129
1	210	2	2	16641
1	210	1	1	16900
1	210	0	0	17161
1	210	-1	0	17161
1	210	-2	0	17161
1	210	-4	0	17161
1	211	4	4	16129
1	211	2	2	16641
1	211	1	1	16900
1	211	0	0	17161
1	211	-1	0	17161
1	211	-2	0	17161
1	211	-4	0	17161
1	212	4	4	16129
1	212	2	2	16641
1	212	1	1	16900
1	212	0	0	17161
1	212	-1	0	17161
1	212	-2	0	17161
1	212	-4	0	17161
1	213	4	4	16129
1	213	2	2	16641
1	213	1	1	16900
1	213	0	0	17161
1	213	-1	0	17161
1	213	-2	0	17161
1	213	-4	0	17161
1	214	4	4	16129
1	214	2	2	16641
1	214	1	1	16900
1	214	0	0	17161
1	214	-1	0	17161
1	214	-2	0	17161
1	214	-4	0	17161
1	215	4	4	16129
1	215	2	2	16641
1	215	1	1	16900
1	215	0	0	17161
1	215	-1	0	17161
1	215	-2	0	17161
1	215	-4	0	17161
1	216	4	4	16129
1	216	2	2	16641
1	216	1	1	16900
1	216	0	0	17161
1	216	-1	0	17161
1	216	-2	0	17161
1	216	-4	0	17161
1	217	4	4	16129
1	217	2	2	16641
1	217	1	1	16900
1	217	0	0	17161
1	217	-1	0	17161
1	217	-2	0	17161
1	217	-4	0	17161
1	218	4	4	16129
1	218	2	2	16641
1	218	1	1	16900
1	218	0	0	17161
1	218	-1	0	17161
1	218	-2	0	17161
1	218	-4	0	17161
1	219	4	4	16129
1	219	2	2	16641
1	219	1	1	16900
1	219	0	0	17161
1	219	-1	0	17161
1	219	-2	0	17161
1	219	-4	0	17161
1	220	4	4	16129
1	220	2	2	16641
1	220	1	1	16900
1	220	0	0	17161
1	220	-1	0	17161
1	220	-2	0	17161
1	220	-4	0	17161
1	221	4	4	16129
1	221	2	2	16641
1	221	1	1	16900
1	221	0	0	17161
1	221	-1	0	17161
1	221	-2	0	17161
1	221	-4	0	17161
1	222	4	4	16129
1	222	2	2	16641
1	222	1	1	16900
1	222	0	0	17161
1	222	-1	0	17161
1	222	-2	0	17161
1	222	-4	0	17161
1	223	4	4	16129
1	223	2	2	16641
1	223	1	1	16900
1	223	0	0	17161
1	223	-1	0	17161
1	223	-2	0	17161
1	223	-4	0	17161
1	224	4	4	16129
1	224	2	2	16641
1	224	1	1	16900
1	224	0	0	17161
1	224	-1	0	17161
1	224	-2	0	17161
1	224	-4	0	17161
1	225	4	4	16129
1	225	2	2	16641
1	225	1	1	16900
1	225	0	0	17161
1	225	-1	0	17161
1	225	-2	0	17161
1	225	-4	0	17161
1	226	4	4	16129
1	226	2	2	16641
1	226	1	1	16900
1	226	0	0	17161
1	226	-1	0	17161
1	226	-2	0	17161
1	226	-4	0	17161
1	227	4	4	16129
1	227	2	2	16641
1	227	1	1	16900
1	227	0	0	17161
1	227	-1	0	17161
1	227	-2	0	17161
1	227	-4	0	17161
1	228	4	4	16129
1	228	2	2	16641
1	228	1	1	16900
1	228	0	0	17161
1	228	-1	0	17161
1	228	-2	0	17161
1	228	-4	0	17161
1	229	4	4	16129
1	229	2	2	16641
1	229	1	1	16900
1	229	0	0	17161
1	229	-1	0	17161
1	229	-2	0	17161
1	229	-4	0	17161
1	230	4	4	16129
1	230	2	2	16641
1	230	1	1	16900
1	230	0	0	17161
1	230	-1	0	17161
1	230	-2	0	17161
1	230	-4	0	17161
1	231	4	4	16129
1	231	2	2	16641
1	231	1	1	16900
1	231	0	0	17161
1	231	-1	0	17161
1	231	-2	0	17161
1	231	-4	0	17161
1	232	4	4	16129
1	232	2	2	16641
1	232	1	1	16900
1	232	0	0	17161
1	232	-1	0	17161
1	232	-2	0	17161
1	232	-4	0	17161
1	233	4	4	16129
1	233	2	2	16641
1	233	1	1	16900
1	233	0	0	17161
1	233	-1	0	17161
1	233	-2	0	17161
1	233	-4	0	17161
1	234	4	4	16129
1	234	2	2	16641
1	234	1	1	16900
1	234	0	0	17161
1	234	-1	0	17161
1	234	-2	0	17161
1	234	-4	0	17161
1	235	4	4	16129
1	235	2	2	16641
1	235	1	1	16900
1	235	0	0	17161
1	235	-1	0	17161
1	235	-2	0	17161
1	235	-4	0	17161
1	236	4	4	16129
1	236	2	2	16641
1	236	1	1	16900
1	236	0	0	17161
1	236	-1	0	17161
1	236	-2	0	17161
1	236	-4	0	17161
1	237	4	4	16129
1	237	2	2	16641
1	237	1	1	16900
1	237	0	0	17161
1	237	-1	0	17161
1	237	-2	0	17161
1	237	-4	0	17161
1	238	4	4	16129
1	238	2	2	16641
1	238	1	1	16900
1	238	0	0	17161
1	238	-1	0	17161
1	238	-2	0	17161
1	238	-4	0	17161
1	239	4	4	16129
1	239	2	2	16641
1	239	1	1	16900
1	239	0	0	17161
1	239	-1	0	17161
1	239	-2	0	17161
1	239	-4	0	17161
1	240	4	4	16129
1	240	2	2	16641
1	240	1	1	16900
1	240	0	0	17161
1	240	-1	0	17161
1	240	-2	0	17161
1	240	-4	0	17161
1	241	4	4	16129
1	241	2	2	16641
1	241	1	1	16900
1	241	0	0	17161
1	241	-1	0	17161
1	241	-2	0	17161
1	241	-4	0	17161
1	242	4	4	16129
1	242	2	2	16641
1	242	1	1	16900
1	242	0	0	17161
1	242	-1	0	17161
1	242	-2	0	17161
1	242	-4	0	17161
1	243	4	4	16129
1	243	2	2	16641
1	243	1	1	16900
1	243	0	0	17161
1	243	-1	0	17161
1	243	-2	0	17161
1	243	-4	0	17161
1	244	4	4	16129
1	244	2	2	16641
1	244	1	1	16900
1	244	0	0	17161
1	244	-1	0	17161
1	244	-2	0	17161
1	244	-4	0	17161
1	245	4	4	16129
1	245	2	2	16641
1	245	1	1	16900
1	245	0	0	17161
1	245	-1	0	17161
1	245	-2	0	17161
1	245	-4	0	17161
1	246	4	4	16129
1	246	2	2	16641
1	246	1	1	16900
1	246	0	0	17161
1	246	-1	0	17161
1	246	-2	0	17161
1	246	-4	0	17161
1	247	4	4	16129
1	247	2	2	16641
1	247	1	1	16900
1	247	0	0	17161
1	247	-1	0	17161
1	247	-2	0	17161
1	247	-4	0	17161
1	248	4	4	16129
1	248	2	2	16641
1	248	1	1	16900
1	248	0	0	17161
1	248	-1	0	17161
1	248	-2	0	17161
1	248	-4	0	17161
1	249	4	4	16129
1	249	2	2	16641
1	249	1	1	16900
1	249	0	0	17161
1	249	-1	0	17161
1	249	-2	0	17161
1	249	-4	0	17161
1	250	4	4	16129
1	250	2	2	16641
1	250	1	1	16900
1	250	0	0	17161
1	250	-1	0	17161
1	250	-2	0	17161
1	250	-4	0	17161
1	251	4	4	16129
1	251	2	2	16641
1	251	1	1	16900
1	251	0	0	17161
1	251	-1	0	17161
1	251	-2	0	17161
1	251	-4	0	17161
1	252	4	4	16129
1	252	2	2	16641
1	252	1	1	16900
1	252	0	0	17161
1	252	-1	0	17161
1	252	-2	0	17161
1	252	-4	0	17161
1	253	4	4	16129
1	253	2	2	16641
1	253	1	1	16900
1	253	0	0	17161
1	253	-1	0	17161
1	253	-2	0	17161
1	253	-4	0	17161
1	254	4	4	16129
1	254	2	2	16641
1	254	1	1	16900
1	254	0	0	17161
1	254	-1	0	17161
1	254	-2	0	17161
1	254	-4	0	17161
2	0	4	255	13924
2	0	2	255	13924
2	0	1	255	13924
2	0	0	255	13924
2	0	-1	255	13924
2	0	-2	255	13924
2	0	-4	255	13924
2	1	4	255	13924
2	1	2	255	13924
2	1	1	255	13924
2	1	0	255	13924
2	1	-1	255	13924
2	1	-2	255	13924
2	1	-4	255	13924
2	2	4	255	13924
2	2	2	255	13924
2	2	1	255	13924
2	2	0	255	13924
2	2	-1	255	13924
2	2	-2	255	13924
2	2	-4	255	13924
2	3	4	4	17689
2	3	2	2	18225
2	3	1	1	18496
2	3	0	0	18769
2	3	-1	0	18769
2	3	-2	0	18769
2	3	-4	0	18769
2	4	4	255	13924
2	4	2	255	13924
2	4	1	255	13924
2	4	0	255	13924
2	4	-1	255	13924
2	4	-2	255	13924
2	4	-4	255	13924
2	5	4	4	17689
2	5	2	2	18225
2	5	1	1	18496
2	5	0	0	18769
2	5	-1	0	18769
2	5	-2	0	18769
2	5	-4	0	18769
2	6	4	4	17689
2	6	2	2	18225
2	6	1	1	18496
2	6	0	0	18769
2	6	-1	0	18769
2	6	-2	0	18769
2	6	-4	0	18769
2	7	4	4	17689
2	7	2	2	18225
2	7	1	1	18496
2	7	0	0	18769
2	7	-1	0	18769
2	7	-2	0	18769
2	7	-4	0	18769
2	8	4	4	17689
2	8	2	2	18225
2	8	1	1	18496
2	8	0	0	18769
2	8	-1	0	18769
2	8	-2	0	18769
2	8	-4	0	18769
2	9	4	4	17689
2	9	2	2	18225
2	9	1	1	18496
2	9	0	0	18769
2	9	-1	0	18769
2	9	-2	0	18769
2	9	-4	0	18769
2	10	4	4	17689
2	10	2	2	18225
2	10	1	1	18496
2	10	0	0	18769
2	10	-1	0	18769
2	10	-2	0	18769
2	10	-4	0	18769
2	11	4	4	17689
2	11	2	2	18225
2	11	1	1	18496
2	11	0	0	18769
2	11	-1	0	18769
2	11	-2	0	18769
2	11	-4	0	18769
2	12	4	4	17689
2	12	2	2	18225
2	12	1	1	18496
2	12	0	0	18769
2	12	-1	0	18769
2	12	-2	0	18769
2	12	-4	0	18769
2	13	4	4	17689
2	13	2	2	18225
2	13	1	1	18496
2	13	0	0	18769
2	13	-1	0	18769
2	13	-2	0	18769
2	13	-4	0	18769
2	14	4	4	17689
2	14	2	2	18225
2	14	1	1	18496
2	14	0	0	18769
2	14	-1	0	18769
2	14	-2	0	18769
2	14	-4	0	18769
2	15	4	4	17689
2	15	2	2	18225
2	15	1	1	18496
2	15	0	0	18769
2	15	-1	0	18769
2	15	-2	0	18769
2	15	-4	0	18769
2	16	4	4	17689
2	16	2	2	18225
2	16	1	1	18496
2	16	0	0	18769
2	16	-1	0	18769
2	16	-2	0	18769
2	16	-4	0	18769
2	17	4	4	17689
2	17	2	2	18225
2	17	1	1	18496
2	17	0	0	18769
2	17	-1	0	18769
2	17	-2	0	18769
2	17	-4	0	18769
2	18	4	4	17689
2	18	2	2	18225
2	18	1	1	18496
2	18	0	0	18769
2	18	-1	0	18769
2	18	-2	0	18769
2	18	-4	0	18769
2	19	4	4	17689
2	19	2	2	18225
2	19	1	1	18496
2	19	0	0	18769
2	19	-1	0	18769
2	19	-2	0	18769
2	19	-4	0	18769
2	20	4	4	17689
2	20	2	2	18225
2	20	1	1	18496
2	20	0	0	18769
2	20	-1	0	18769
2	20	-2	0	18769
2	20	-4	0	18769
2	21	4	4	17689
2	21	2	2	18225
2	21	1	1	18496
2	21	0	0	18769
2	21	-1	0	18769
2	21	-2	0	18769
2	21	-4	0	18769
2	22	4	4	17689
2	22	2	2	18225
2	22	1	1	18496
2	22	0	0	18769
2	22	-1	0	18769
2	22	-2	0	18769
2	22	-4	0	18769
2	23	4	4	17689
2	23	2	2	18225
2	23	1	1	18496
2	23	0	0	18769
2	23	-1	0	18769
2	23	-2	0	18769
2	23	-4	0	18769
2	24	4	4	17689
2	24	2	2	18225
2	24	1	1	18496
2	24	0	0	18769
2	24	-1	0	18769
2	24	-2	0	18769
2	24	-4	0	18769
2	25	4	4	17689
2	25	2	2	18225
2	25	1	1	18496
2	25	0	0	18769
2	25	-1	0	18769
2	25	-2	0	18769
2	25	-4	0	18769
2	26	4	4	17689
2	26	2	2	18225
2	26	1	1	18496
2	26	0	0	18769
2	26	-1	0	18769
2	26	-2	0	18769
2	26	-4	0	18769
2	27	4	4	17689
2	27	2	2	18225
2	27	1	1	18496
2	27	0	0	18769
2	27	-1	0	18769
2	27	-2	0	18769
2	27	-4	0	18769
2	28	4	4	17689
2	28	2	2	18225
2	28	1	1	18496
2	28	0	0	18769
2	28	-1	0	18769
2	28	-2	0	18769
2	28	-4	0	18769
2	29	4	4	17689
2	29	2	2	18225
2	29	1	1	18496
2	29	0	0	18769
2	29	-1	0	18769
2	29	-2	0	18769
2	29	-4	0	18769
2	30	4	4	17689
2	30	2	2	18225
2	30	1	1	18496
2	30	0	0	18769
2	30	-1	0	18769
2	30	-2	0	18769
2	30	-4	0	18769
2	31	4	4	17689
2	31	2	2	18225
2	31	1	1	18496
2	31	0	0	18769
2	31	-1	0	18769
2	31	-2	0	18769
2	31	-4	0	18769
2	32	4	4	17689
2	32	2	2	18225
2	32	1	1	18496
2	32	0	0	18769
2	32	-1	0	18769
2	32	-2	0	18769
2	32	-4	0	18769
2	33	4	4	17689
2	33	2	2	18225
2	33	1	1	18496
2	33	0	0	18769
2	33	-1	0	18769
2	33	-2	0	18769
2	33	-4	0	18769
2	34	4	4	17689
2	34	2	2	18225
2	34	1	1	18496
2	34	0	0	18769
2	34	-1	0	18769
2	34	-2	0	18769
2	34	-4	0	18769
2	35	4	4	17689
2	35	2	2	18225
2	35	1	1	18496
2	35	0	0	18769
2	35	-1	0	18769
2	35	-2	0	18769
2	35	-4	0	18769
2	36	4	4	17689
2	36	2	2	18225
2	36	1	1	18496
2	36	0	0	18769
2	36	-1	0	18769
2	36	-2	0	18769
2	36	-4	0	18769
2	37	4	4	17689
2	37	2	2	18225
2	37	1	1	18496
2	37	0	0	18769
2	37	-1	0	18769
2	37	-2	0	18769
2	37	-4	0	18769
2	38	4	4	17689
2	38	2	2	18225
2	38	1	1	18496
2	38	0	0	18769
2	38	-1	0	18769
2	38	-2	0	18769
2	38	-4	0	18769
2	39	4	4	17689
2	39	2	2	18225
2	39	1	1	18496
2	39	0	0	18769
2	39	-1	0	18769
2	39	-2	0	18769
2	39	-4	0	18769
2	40	4	4	17689
2	40	2	2	18225
2	40	1	1	18496
2	40	0	0	18769
2	40	-1	0	18769
2	40	-2	0	18769
2	40	-4	0	18769
2	41	4	4	17689
2	41	2	2	18225
2	41	1	1	18496
2	41	0	0	18769
2	41	-1	0	18769
2	41	-2	0	18769
2	41	-4	0	18769
2	42	4	4	17689
2	42	2	2	18225
2	42	1	1	18496
2	42	0	0	18769
2	42	-1	0	18769
2	42	-2	0	18769
2	42	-4	0	18769
2	43	4	4	17689
2	43	2	2	18225
2	43	1	1	18496
2	43	0	0	18769
2	43	-1	0	18769
2	43	-2	0	18769
2	43	-4	0	18769
2	44	4	4	17689
2	44	2	2	18225
2	44	1	1	18496
2	44	0	0	18769
2	44	-1	0	18769
2	44	-2	0	18769
2	44	-4	0	18769
2	45	4	4	17689
2	45	2	2	18225
2	45	1	1	18496
2	45	0	0	18769
2	45	-1	0	18769
2	45	-2	0	18769
2	45	-4	0	18769
2	46	4	4	17689
2	46	2	2	18225
2	46	1	1	18496
2	46	0	0	18769
2	46	-1	0	18769
2	46	-2	0	18769
2	46	-4	0	18769
2	47	4	4	17689
2	47	2	2	18225
2	47	1	1	18496
2	47	0	0	18769
2	47	-1	0	18769
2	47	-2	0	18769
2	47	-4	0	18769
2	48	4	4	17689
2	48	2	2	18225
2	48	1	1	18496
2	48	0	0	18769
2	48	-1	0	18769
2	48	-2	0	18769
2	48	-4	0	18769
2	49	4	4	17689
2	49	2	2	18225
2	49	1	1	18496
2	49	0	0	18769
2	49	-1	0	18769
2	49	-2	0	18769
2	49	-4	0	18769
2	50	4	4	17689
2	50	2	2	18225
2	50	1	1	18496
2	50	0	0	18769
2	50	-1	0	18769
2	50	-2	0	18769
2	50	-4	0	18769
2	51	4	4	17689
2	51	2	2	18225
2	51	1	1	18496
2	51	0	0	18769
2	51	-1	0	18769
2	51	-2	0	18769
2	51	-4	0	18769
2	52	4	4	17689
2	52	2	2	18225
2	52	1	1	18496
2	52	0	0	18769
2	52	-1	0	18769
2	52	-2	0	18769
2	52	-4	0	18769
2	53	4	4	17689
2	53	2	2	18225
2	53	1	1	18496
2	53	0	0	18769
2	53	-1	0	18769
2	53	-2	0	18769
2	53	-4	0	18769
2	54	4	4	17689
2	54	2	2	18225
2	54	1	1	18496
2	54	0	0	18769
2	54	-1	0	18769
2	54	-2	0	18769
2	54	-4	0	18769
2	55	4	4	17689
2	55	2	2	18225
2	55	1	1	18496
2	55	0	0	18769
2	55	-1	0	18769
2	55	-2	0	18769
2	55	-4	0	18769
2	56	4	4	17689
2	56	2	2	18225
2	56	1	1	18496
2	56	0	0	18769
2	56	-1	0	18769
2	56	-2	0	18769
2	56	-4	0	18769
2	57	4	4	17689
2	57	2	2	18225
2	57	1	1	18496
2	57	0	0	18769
2	57	-1	0	18769
2	57	-2	0	18769
2	57	-4	0	18769
2	58	4	4	17689
2	58	2	2	18225
2	58	1	1	18496
2	58	0	0	18769
2	58	-1	0	18769
2	58	-2	0	18769
2	58	-4	0	18769
2	59	4	4	17689
2	59	2	2	18225
2	59	1	1	18496
2	59	0	0	18769
2	59	-1	0	18769
2	59	-2	0	18769
2	59	-4	0	18769
2	60	4	4	17689
2	60	2	2	18225
2	60	1	1	18496
2	60	0	0	18769
2	60	-1	0	18769
2	60	-2	0	18769
2	60	-4	0	18769
2	61	4	4	17689
2	61	2	2	18225
2	61	1	1	18496
2	61	0	0	18769
2	61	-1	0	18769
2	61	-2	0	18769
2	61	-4	0	18769
2	62	4	4	17689
2	62	2	2	18225
2	62	1	1	18496
2	62	0	0	18769
2	62	-1	0	18769
2	62	-2	0	18769
2	62	-4	0	18769
2	63	4	4	17689
2	63	2	2	18225
2	63	1	1	18496
2	63	0	0	18769
2	63	-1	0	18769
2	63	-2	0	18769
2	63	-4	0	18769
2	64	4	4	17689
2	64	2	2	18225
2	64	1	1	18496
2	64	0	0	18769
2	64	-1	0	18769
2	64	-2	0	18769
2	64	-4	0	18769
2	65	4	4	17689
2	65	2	2	18225
2	65	1	1	18496
2	65	0	0	18769
2	65	-1	0	18769
2	65	-2	0	18769
2	65	-4	0	18769
2	66	4	4	17689
2	66	2	2	18225
2	66	1	1	18496
2	66	0	0	18769
2	66	-1	0	18769
2	66	-2	0	18769
2	66	-4	0	18769
2	67	4	4	17689
2	67	2	2	18225
2	67	1	1	18496
2	67	0	0	18769
2	67	-1	0	18769
2	67	-2	0	18769
2	67	-4	0	18769
2	68	4	4	17689
2	68	2	2	18225
2	68	1	1	18496
2	68	0	0	18769
2	68	-1	0	18769
2	68	-2	0	18769
2	68	-4	0	18769
2	69	4	4	17689
2	69	2	2	18225
2	69	1	1	18496
2	69	0	0	18769
2	69	-1	0	18769
2	69	-2	0	18769
2	69	-4	0	18769
2	70	4	4	17689
2	70	2	2	18225
2	70	1	1	18496
2	70	0	0	18769
2	70	-1	0	18769
2	70	-2	0	18769
2	70	-4	0	18769
2	71	4	4	17689
2	71	2	2	18225
2	71	1	1	18496
2	71	0	0	18769
2	71	-1	0	18769
2	71	-2	0	18769
2	71	-4	0	18769
2	72	4	4	17689
2	72	2	2	18225
2	72	1	1	18496
2	72	0	0	18769
2	72	-1	0	18769
2	72	-2	0	18769
2	72	-4	0	18769
2	73	4	4	17689
2	73	2	2	18225
2	73	1	1	18496
2	73	0	0	18769
2	73	-1	0	18769
2	73	-2	0	18769
2	73	-4	0	18769
2	74	4	4	17689
2	74	2	2	18225
2	74	1	1	18496
2	74	0	0	18769
2	74	-1	0	18769
2	74	-2	0	18769
2	74	-4	0	18769
2	75	4	4	17689
2	75	2	2	18225
2	75	1	1	18496
2	75	0	0	18769
2	75	-1	0	18769
2	75	-2	0	18769
2	75	-4	0	18769
2	76	4	4	17689
2	76	2	2	18225
2	76	1	1	18496
2	76	0	0	18769
2	76	-1	0	18769
2	76	-2	0	18769
2	76	-4	0	18769
2	77	4	4	17689
2	77	2	2	18225
2	77	1	1	18496
2	77	0	0	18769
2	77	-1	0	18769
2	77	-2	0	18769
2	77	-4	0	18769
2	78	4	4	17689
2	78	2	2	18225
2	78	1	1	18496
2	78	0	0	18769
2	78	-1	0	18769
2	78	-2	0	18769
2	78	-4	0	18769
2	79	4	4	17689
2	79	2	2	18225
2	79	1	1	18496
2	79	0	0	18769
2	79	-1	0	18769
2	79	-2	0	18769
2	79	-4	0	18769
2	80	4	4	17689
2	80	2	2	18225
2	80	1	1	18496
2	80	0	0	18769
2	80	-1	0	18769
2	80	-2	0	18769
2	80	-4	0	18769
2	81	4	4	17689
2	81	2	2	18225
2	81	1	1	18496
2	81	0	0	18769
2	81	-1	0	18769
2	81	-2	0	18769
2	81	-4	0	18769
2	82	4	4	17689
2	82	2	2	18225
2	82	1	1	18496
2	82	0	0	18769
2	82	-1	0	18769
2	82	-2	0	18769
2	82	-4	0	18769
2	83	4	4	17689
2	83	2	2	18225
2	83	1	1	18496
2	83	0	0	18769
2	83	-1	0	18769
2	83	-2	0	18769
2	83	-4	0	18769
2	84	4	4	17689
2	84	2	2	18225
2	84	1	1	18496
2	84	0	0	18769
2	84	-1	0	18769
2	84	-2	0	18769
2	84	-4	0	18769
2	85	4	4	17689
2	85	2	2	18225
2	85	1	1	18496
2	85	0	0	18769
2	85	-1	0	18769
2	85	-2	0	18769
2	85	-4	0	18769
2	86	4	4	17689
2	86	2	2	18225
2	86	1	1	18496
2	86	0	0	18769
2	86	-1	0	18769
2	86	-2	0	18769
2	86	-4	0	18769
2	87	4	4	17689
2	87	2	2	18225
2	87	1	1	18496
2	87	0	0	18769
2	87	-1	0	18769
2	87	-2	0	18769
2	87	-4	0	18769
2	88	4	4	17689
2	88	2	2	18225
2	88	1	1	18496
2	88	0	0	18769
2	88	-1	0	18769
2	88	-2	0	18769
2	88	-4	0	18769
2	89	4	4	17689
2	89	2	2	18225
2	89	1	1	18496
2	89	0	0	18769
2	89	-1	0	18769
2	89	-2	0	18769
2	89	-4	0	18769
2	90	4	4	17689
2	90	2	2	18225
2	90	1	1	18496
2	90	0	0	18769
2	90	-1	0	18769
2	90	-2	0	18769
2	90	-4	0	18769
2	91	4	4	17689
2	91	2	2	18225
2	91	1	1	18496
2	91	0	0	18769
2	91	-1	0	18769
2	91	-2	0	18769
2	91	-4	0	18769
2	92	4	4	17689
2	92	2	2	18225
2	92	1	1	18496
2	92	0	0	18769
2	92	-1	0	18769
2	92	-2	0	18769
2	92	-4	0	18769
2	93	4	4	17689
2	93	2	2	18225
2	93	1	1	18496
2	93	0	0	18769
2	93	-1	0	18769
2	93	-2	0	18769
2	93	-4	0	18769
2	94	4	4	17689
2	94	2	2	18225
2	94	1	1	18496
2	94	0	0	18769
2	94	-1	0	18769
2	94	-2	0	18769
2	94	-4	0	18769
2	95	4	4	17689
2	95	2	2	18225
2	95	1	1	18496
2	95	0	0	18769
2	95	-1	0	18769
2	95	-2	0	18769
2	95	-4	0	18769
2	96	4	4	17689
2	96	2	2	18225
2	96	1	1	18496
2	96	0	0	18769
2	96	-1	0	18769
2	96	-2	0	18769
2	96	-4	0	18769
2	97	4	4	17689
2	97	2	2	18225
2	97	1	1	18496
2	97	0	0	18769
2	97	-1	0	18769
2	97	-2	0	18769
2	97	-4	0	18769
2	98	4	4	17689
2	98	2	2	18225
2	98	1	1	18496
2	98	0	0	18769
2	98	-1	0	18769
2	98	-2	0	18769
2	98	-4	0	18769
2	99	4	4	17689
2	99	2	2	18225
2	99	1	1	18496
2	99	0	0	18769
2	99	-1	0	18769
2	99	-2	0	18769
2	99	-4	0	18769
2	100	4	4	17689
2	100	2	2	18225
2	100	1	1	18496
2	100	0	0	18769
2	100	-1	0	18769
2	100	-2	0	18769
2	100	-4	0	18769
2	101	4	4	17689
2	101	2	2	18225
2	101	1	1	18496
2	101	0	0	18769
2	101	-1	0	18769
2	101	-2	0	18769
2	101	-4	0	18769
2	102	4	4	17689
2	102	2	2	18225
2	102	1	1	18496
2	102	0	0	18769
2	102	-1	0	18769
2	102	-2	0	18769
2	102	-4	0	18769
2	103	4	4	17689
2	103	2	2	18225
2	103	1	1	18496
2	103	0	0	18769
2	103	-1	0	18769
2	103	-2	0	18769
2	103	-4	0	18769
2	104	4	4	17689
2	104	2	2	18225
2	104	1	1	18496
2	104	0	0	18769
2	104	-1	0	18769
2	104	-2	0	18769
2	104	-4	0	18769
2	105	4	4	17689
2	105	2	2	18225
2	105	1	1	18496
2	105	0	0	18769
2	105	-1	0	18769
2	105	-2	0	18769
2	105	-4	0	18769
2	106	4	4	17689
2	106	2	2	18225
2	106	1	1	18496
2	106	0	0	18769
2	106	-1	0	18769
2	106	-2	0	18769
2	106	-4	0	18769
2	107	4	4	17689
2	107	2	2	18225
2	107	1	1	18496
2	107	0	0	18769
2	107	-1	0	18769
2	107	-2	0	18769
2	107	-4	0	18769
2	108	4	4	17689
2	108	2	2	18225
2	108	1	1	18496
2	108	0	0	18769
2	108	-1	0	18769
2	108	-2	0	18769
2	108	-4	0	18769
2	109	4	4	17689
2	109	2	2	18225
2	109	1	1	18496
2	109	0	0	18769
2	109	-1	0	18769
2	109	-2	0	18769
2	109	-4	0	18769
2	110	4	4	17689
2	110	2	2	18225
2	110	1	1	18496
2	110	0	0	18769
2	110	-1	0	18769
2	110	-2	0	18769
2	110	-4	0	18769
2	111	4	4	17689
2	111	2	2	18225
2	111	1	1	18496
2	111	0	0	18769
2	111	-1	0	18769
2	111	-2	0	18769
2	111	-4	0	18769
2	112	4	4	17689
2	112	2	2	18225
2	112	1	1	18496
2	112	0	0	18769
2	112	-1	0	18769
2	112	-2	0	18769
2	112	-4	0	18769
2	113	4	4	17689
2	113	2	2	18225
2	113	1	1	18496
2	113	0	0	18769
2	113	-1	0	18769
2	113	-2	0	18769
2	113	-4	0	18769
2	114	4	4	17689
2	114	2	2	18225
2	114	1	1	18496
2	114	0	0	18769
2	114	-1	0	18769
2	114	-2	0	18769
2	114	-4	0	18769
2	115	4	4	17689
2	115	2	2	18225
2	115	1	1	18496
2	115	0	0	18769
2	115	-1	0	18769
2	115	-2	0	18769
2	115	-4	0	18769
2	116	4	4	17689
2	116	2	2	18225
2	116	1	1	18496
2	116	0	0	18769
2	116	-1	0	18769
2	116	-2	0	18769
2	116	-4	0	18769
2	117	4	4	17689
2	117	2	2	18225
2	117	1	1	18496
2	117	0	0	18769
2	117	-1	0	18769
2	117	-2	0	18769
2	117	-4	0	18769
2	118	4	4	17689
2	118	2	2	18225
2	118	1	1	18496
2	118	0	0	18769
2	118	-1	0	18769
2	118	-2	0	18769
2	118	-4	0	18769
2	119	4	4	17689
2	119	2	2	18225
2	119	1	1	18496
2	119	0	0	18769
2	119	-1	0	18769
2	119	-2	0	18769
2	119	-4	0	18769
2	120	4	4	17689
2	120	2	2	18225
2	120	1	1	18496
2	120	0	0	18769
2	120	-1	0	18769
2	120	-2	0	18769
2	120	-4	0	18769
2	121	4	4	17689
2	121	2	2	18225
2	121	1	1	18496
2	121	0	0	18769
2	121	-1	0	18769
2	121	-2	0	18769
2	121	-4	0	18769
2	122	4	4	17689
2	122	2	2	18225
2	122	1	1	18496
2	122	0	0	18769
2	122	-1	0	18769
2	122	-2	0	18769
2	122	-4	0	18769
2	123	4	4	17689
2	123	2	2	18225
2	123	1	1	18496
2	123	0	0	18769
2	123	-1	0	18769
2	123	-2	0	18769
2	123	-4	0	18769
2	124	4	53	7056
2	124	2	51	7396
2	124	1	50	7569
2	124	0	49	7744
2	124	-1	48	7921
2	124	-2	47	8100
2	124	-4	45	8464
2	125	4	4	17689
2	125	2	2	18225
2	125	1	1	18496
2	125	0	0	18769
2	125	-1	0	18769
2	125	-2	0	18769
2	125	-4	0	18769
2	126	4	29	11664
2	126	2	27	12100
2	126	1	26	12321
2	126	0	25	12544
2	126	-1	24	12769
2	126	-2	23	12996
2	126	-4	21	13456
2	127	4	20	13689
2	127	2	18	14161
2	127	1	17	14400
2	127	0	16	14641
2	127	-1	15	14884
2	127	-2	14	15129
2	127	-4	12	15625
2	128	4	13	15376
2	128	2	11	15876
2	128	1	10	16129
2	128	0	9	16384
2	128	-1	8	16641
2	128	-2	7	16900
2	128	-4	5	17424
2	129	4	8	16641
2	129	2	6	17161
2	129	1	5	17424
2	129	0	4	17689
2	129	-1	3	17956
2	129	-2	2	18225
2	129	-4	0	18769
2	130	4	5	17424
2	130	2	3	17956
2	130	1	2	18225
2	130	0	1	18496
2	130	-1	0	18769
2	130	-2	0	18769
2	130	-4	0	18769
2	131	4	4	17689
2	131	2	2	18225
2	131	1	1	18496
2	131	0	0	18769
2	131	-1	0	18769
2	131	-2	0	18769
2	131	-4	0	18769
2	132	4	5	17424
2	132	2	3	17956
2	132	1	2	18225
2	132	0	1	18496
2	132	-1	0	18769
2	132	-2	0	18769
2	132	-4	0	18769
2	133	4	4	17689
2	133	2	2	18225
2	133	1	1	18496
2	133	0	0	18769
2	133	-1	0	18769
2	133	-2	0	18769
2	133	-4	0	18769
2	134	4	4	17689
2	134	2	2	18225
2	134	1	1	18496
2	134	0	0	18769
2	134	-1	0	18769
2	134	-2	0	18769
2	134	-4	0	18769
2	135	4	4	17689
2	135	2	2	18225
2	135	1	1	18496
2	135	0	0	18769
2	135	-1	0	18769
2	135	-2	0	18769
2	135	-4	0	18769
2	136	4	4	17689
2	136	2	2	18225
2	136	1	1	18496
2	136	0	0	18769
2	136	-1	0	18769
2	136	-2	0	18769
2	136	-4	0	18769
2	137	4	4	17689
2	137	2	2	18225
2	137	1	1	18496
2	137	0	0	18769
2	137	-1	0	18769
2	137	-2	0	18769
2	137	-4	0	18769
2	138	4	4	17689
2	138	2	2	18225
2	138	1	1	18496
2	138	0	0	18769
2	138	-1	0	18769
2	138	-2	0	18769
2	138	-4	0	18769
2	139	4	4	17689
2	139	2	2	18225
2	139	1	1	18496
2	139	0	0	18769
2	139	-1	0	18769
2	139	-2	0	18769
2	139	-4	0	18769
2	140	4	4	17689
2	140	2	2	18225
2	140	1	1	18496
2	140	0	0	18769
2	140	-1	0	18769
2	140	-2	0	18769
2	140	-4	0	18769
2	141	4	4	17689
2	141	2	2	18225
2	141	1	1	18496
2	141	0	0	18769
2	141	-1	0	18769
2	141	-2	0	18769
2	141	-4	0	18769
2	142	4	4	17689
2	142	2	2	18225
2	142	1	1	18496
2	142	0	0	18769
2	142	-1	0	18769
2	142	-2	0	18769
2	142	-4	0	18769
2	143	4	4	17689
2	143	2	2	18225
2	143	1	1	18496
2	143	0	0	18769
2	143	-1	0	18769
2	143	-2	0	18769
2	143	-4	0	18769
2	144	4	4	17689
2	144	2	2	18225
2	144	1	1	18496
2	144	0	0	18769
2	144	-1	0	18769
2	144	-2	0	18769
2	144	-4	0	18769
2	145	4	4	17689
2	145	2	2	18225
2	145	1	1	18496
2	145	0	0	18769
2	145	-1	0	18769
2	145	-2	0	18769
2	145	-4	0	18769
2	146	4	4	17689
2	146	2	2	18225
2	146	1	1	18496
2	146	0	0	18769
2	146	-1	0	18769
2	146	-2	0	18769
2	146	-4	0	18769
2	147	4	4	17689
2	147	2	2	18225
2	147	1	1	18496
2	147	0	0	18769
2	147	-1	0	18769
2	147	-2	0	18769
2	147	-4	0	18769
2	148	4	4	17689
2	148	2	2	18225
2	148	1	1	18496
2	148	0	0	18769
2	148	-1	0	18769
2	148	-2	0	18769
2	148	-4	0	18769
2	149	4	4	17689
2	149	2	2	18225
2	149	1	1	18496
2	149	0	0	18769
2	149	-1	0	18769
2	149	-2	0	18769
2	149	-4	0	18769
2	150	4	4	17689
2	150	2	2	18225
2	150	1	1	18496
2	150	0	0	18769
2	150	-1	0	18769
2	150	-2	0	18769
2	150	-4	0	18769
2	151	4	4	17689
2	151	2	2	18225
2	151	1	1	18496
2	151	0	0	18769
2	151	-1	0	18769
2	151	-2	0	18769
2	151	-4	0	18769
2	152	4	4	17689
2	152	2	2	18225
2	152	1	1	18496
2	152	0	0	18769
2	152	-1	0	18769
2	152	-2	0	18769
2	152	-4	0	18769
2	153	4	4	17689
2	153	2	2	18225
2	153	1	1	18496
2	153	0	0	18769
2	153	-1	0	18769
2	153	-2	0	18769
2	153	-4	0	18769
2	154	4	4	17689
2	154	2	2	18225
2	154	1	1	18496
2	154	0	0	18769
2	154	-1	0	18769
2	154	-2	0	18769
2	154	-4	0	18769
2	155	4	4	17689
2	155	2	2	18225
2	155	1	1	18496
2	155	0	0	18769
2	155	-1	0	18769
2	155	-2	0	18769
2	155	-4	0	18769
2	156	4	4	17689
2	156	2	2	18225
2	156	1	1	18496
2	156	0	0	18769
2	156	-1	0	18769
2	156	-2	0	18769
2	156	-4	0	18769
2	157	4	4	17689
2	157	2	2	18225
2	157	1	1	18496
2	157	0	0	18769
2	157	-1	0	18769
2	157	-2	0	18769
2	157	-4	0	18769
2	158	4	4	17689
2	158	2	2	18225
2	158	1	1	18496
2	158	0	0	18769
2	158	-1	0	18769
2	158	-2	0	18769
2	158	-4	0	18769
2	159	4	4	17689
2	159	2	2	18225
2	159	1	1	18496
2	159	0	0	18769
2	159	-1	0	18769
2	159	-2	0	18769
2	159	-4	0	18769
2	160	4	4	17689
2	160	2	2	18225
2	160	1	1	18496
2	160	0	0	18769
2	160	-1	0	18769
2	160	-2	0	18769
2	160	-4	0	18769
2	161	4	4	17689
2	161	2	2	18225
2	161	1	1	18496
2	161	0	0	18769
2	161	-1	0	18769
2	161	-2	0	18769
2	161	-4	0	18769
2	162	4	4	17689
2	162	2	2	18225
2	162	1	1	18496
2	162	0	0	18769
2	162	-1	0	18769
2	162	-2	0	18769
2	162	-4	0	18769
2	163	4	4	17689
2	163	2	2	18225
2	163	1	1	18496
2	163	0	0	18769
2	163	-1	0	18769
2	163	-2	0	18769
2	163	-4	0	18769
2	164	4	4	17689
2	164	2	2	18225
2	164	1	1	18496
2	164	0	0	18769
2	164	-1	0	18769
2	164	-2	0	18769
2	164	-4	0	18769
2	165	4	4	17689
2	165	2	2	18225
2	165	1	1	18496
2	165	0	0	18769
2	165	-1	0	18769
2	165	-2	0	18769
2	165	-4	0	18769
2	166	4	4	17689
2	166	2	2	18225
2	166	1	1	18496
2	166	0	0	18769
2	166	-1	0	18769
2	166	-2	0	18769
2	166	-4	0	18769
2	167	4	4	17689
2	167	2	2	18225
2	167	1	1	18496
2	167	0	0	18769
2	167	-1	0	18769
2	167	-2	0	18769
2	167	-4	0	18769
2	168	4	4	17689
2	168	2	2	18225
2	168	1	1	18496
2	168	0	0	18769
2	168	-1	0	18769
2	168	-2	0	18769
2	168	-4	0	18769
2	169	4	4	17689
2	169	2	2	18225
2	169	1	1	18496
2	169	0	0	18769
2	169	-1	0	18769
2	169	-2	0	18769
2	169	-4	0	18769
2	170	4	4	17689
2	170	2	2	18225
2	170	1	1	18496
2	170	0	0	18769
2	170	-1	0	18769
2	170	-2	0	18769
2	170	-4	0	18769
2	171	4	4	17689
2	171	2	2	18225
2	171	1	1	18496
2	171	0	0	18769
2	171	-1	0	18769
2	171	-2	0	18769
2	171	-4	0	18769
2	172	4	4	17689
2	172	2	2	18225
2	172	1	1	18496
2	172	0	0	18769
2	172	-1	0	18769
2	172	-2	0	18769
2	172	-4	0	18769
2	173	4	4	17689
2	173	2	2	18225
2	173	1	1	18496
2	173	0	0	18769
2	173	-1	0	18769
2	173	-2	0	18769
2	173	-4	0	18769
2	174	4	4	17689
2	174	2	2	18225
2	174	1	1	18496
2	174	0	0	18769
2	174	-1	0	18769
2	174	-2	0	18769
2	174	-4	0	18769
2	175	4	4	17689
2	175	2	2	18225
2	175	1	1	18496
2	175	0	0	18769
2	175	-1	0	18769
2	175	-2	0	18769
2	175	-4	0	18769
2	176	4	4	17689
2	176	2	2	18225
2	176	1	1	18496
2	176	0	0	18769
2	176	-1	0	18769
2	176	-2	0	18769
2	176	-4	0	18769
2	177	4	4	17689
2	177	2	2	18225
2	177	1	1	18496
2	177	0	0	18769
2	177	-1	0	18769
2	177	-2	0	18769
2	177	-4	0	18769
2	178	4	4	17689
2	178	2	2	18225
2	178	1	1	18496
2	178	0	0	18769
2	178	-1	0	18769
2	178	-2	0	18769
2	178	-4	0	18769
2	179	4	4	17689
2	179	2	2	18225
2	179	1	1	18496
2	179	0	0	18769
2	179	-1	0	18769
2	179	-2	0	18769
2	179	-4	0	18769
2	180	4	4	17689
2	180	2	2	18225
2	180	1	1	18496
2	180	0	0	18769
2	180	-1	0	18769
2	180	-2	0	18769
2	180	-4	0	18769
2	181	4	4	17689
2	181	2	2	18225
2	181	1	1	18496
2	181	0	0	18769
2	181	-1	0	18769
2	181	-2	0	18769
2	181	-4	0	18769
2	182	4	4	17689
2	182	2	2	18225
2	182	1	1	18496
2	182	0	0	18769
2	182	-1	0	18769
2	182	-2	0	18769
2	182	-4	0	18769
2	183	4	4	17689
2	183	2	2	18225
2	183	1	1	18496
2	183	0	0	18769
2	183	-1	0	18769
2	183	-2	0	18769
2	183	-4	0	18769
2	184	4	4	17689
2	184	2	2	18225
2	184	1	1	18496
2	184	0	0	18769
2	184	-1	0	18769
2	184	-2	0	18769
2	184	-4	0	18769
2	185	4	4	17689
2	185	2	2	18225
2	185	1	1	18496
2	185	0	0	18769
2	185	-1	0	18769
2	185	-2	0	18769
2	185	-4	0	18769
2	186	4	4	17689
2	186	2	2	18225
2	186	1	1	18496
2	186	0	0	18769
2	186	-1	0	18769
2	186	-2	0	18769
2	186	-4	0	18769
2	187	4	4	17689
2	187	2	2	18225
2	187	1	1	18496
2	187	0	0	18769
2	187	-1	0	18769
2	187	-2	0	18769
2	187	-4	0	18769
2	188	4	4	17689
2	188	2	2	18225
2	188	1	1	18496
2	188	0	0	18769
2	188	-1	0	18769
2	188	-2	0	18769
2	188	-4	0	18769
2	189	4	4	17689
2	189	2	2	18225
2	189	1	1	18496
2	189	0	0	18769
2	189	-1	0	18769
2	189	-2	0	18769
2	189	-4	0	18769
2	190	4	4	17689
2	190	2	2	18225
2	190	1	1	18496
2	190	0	0	18769
2	190	-1	0	18769
2	190	-2	0	18769
2	190	-4	0	18769
2	191	4	4	17689
2	191	2	2	18225
2	191	1	1	18496
2	191	0	0	18769
2	191	-1	0	18769
2	191	-2	0	18769
2	191	-4	0	18769
2	192	4	4	17689
2	192	2	2	18225
2	192	1	1	18496
2	192	0	0	18769
2	192	-1	0	18769
2	192	-2	0	18769
2	192	-4	0	18769
2	193	4	4	17689
2	193	2	2	18225
2	193	1	1	18496
2	193	0	0	18769
2	193	-1	0	18769
2	193	-2	0	18769
2	193	-4	0	18769
2	194	4	4	17689
2	194	2	2	18225
2	194	1	1	18496
2	194	0	0	18769
2	194	-1	0	18769
2	194	-2	0	18769
2	194	-4	0	18769
2	195	4	4	17689
2	195	2	2	18225
2	195	1	1	18496
2	195	0	0	18769
2	195	-1	0	18769
2	195	-2	0	18769
2	195	-4	0	18769
2	196	4	4	17689
2	196	2	2	18225
2	196	1	1	18496
2	196	0	0	18769
2	196	-1	0	18769
2	196	-2	0	18769
2	196	-4	0	18769
2	197	4	4	17689
2	197	2	2	18225
2	197	1	1	18496
2	197	0	0	18769
2	197	-1	0	18769
2	197	-2	0	18769
2	197	-4	0	18769
2	198	4	4	17689
2	198	2	2	18225
2	198	1	1	18496
2	198	0	0	18769
2	198	-1	0	18769
2	198	-2	0	18769
2	198	-4	0	18769
2	199	4	4	17689
2	199	2	2	18225
2	199	1	1	18496
2	199	0	0	18769
2	199	-1	0	18769
2	199	-2	0	18769
2	199	-4	0	18769
2	200	4	4	17689
2	200	2	2	18225
2	200	1	1	18496
2	200	0	0	18769
2	200	-1	0	18769
2	200	-2	0	18769
2	200	-4	0	18769
2	201	4	4	17689
2	201	2	2	18225
2	201	1	1	18496
2	201	0	0	18769
2	201	-1	0	18769
2	201	-2	0	18769
2	201	-4	0	18769
2	202	4	4	17689
2	202	2	2	18225
2	202	1	1	18496
2	202	0	0	18769
2	202	-1	0	18769
2	202	-2	0	18769
2	202	-4	0	18769
2	203	4	4	17689
2	203	2	2	18225
2	203	1	1	18496
2	203	0	0	18769
2	203	-1	0	18769
2	203	-2	0	18769
2	203	-4	0	18769
2	204	4	4	17689
2	204	2	2	18225
2	204	1	1	18496
2	204	0	0	18769
2	204	-1	0	18769
2	204	-2	0	18769
2	204	-4	0	18769
2	205	4	4	17689
2	205	2	2	18225
2	205	1	1	18496
2	205	0	0	18769
2	205	-1	0	18769
2	205	-2	0	18769
2	205	-4	0	18769
2	206	4	4	17689
2	206	2	2	18225
2	206	1	1	18496
2	206	0	0	18769
2	206	-1	0	18769
2	206	-2	0	18769
2	206	-4	0	18769
2	207	4	4	17689
2	207	2	2	18225
2	207	1	1	18496
2	207	0	0	18769
2	207	-1	0	18769
2	207	-2	0	18769
2	207	-4	0	18769
2	208	4	4	17689
2	208	2	2	18225
2	208	1	1	18496
2	208	0	0	18769
2	208	-1	0	18769
2	208	-2	0	18769
2	208	-4	0	18769
2	209	4	4	17689
2	209	2	2	18225
2	209	1	1	18496
2	209	0	0	18769
2	209	-1	0	18769
2	209	-2	0	18769
2	209	-4	0	18769
2	210	4	4	17689
2	210	2	2	18225
2	210	1	1	18496
2	210	0	0	18769
2	210	-1	0	18769
2	210	-2	0	18769
2	210	-4	0	18769
2	211	4	4	17689
2	211	2	2	18225
2	211	1	1	18496
2	211	0	0	18769
2	211	-1	0	18769
2	211	-2	0	18769
2	211	-4	0	18769
2	212	4	4	17689
2	212	2	2	18225
2	212	1	1	18496
2	212	0	0	18769
2	212	-1	0	18769
2	212	-2	0	18769
2	212	-4	0	18769
2	213	4	4	17689
2	213	2	2	18225
2	213	1	1	18496
2	213	0	0	18769
2	213	-1	0	18769
2	213	-2	0	18769
2	213	-4	0	18769
2	214	4	4	17689
2	214	2	2	18225
2	214	1	1	18496
2	214	0	0	18769
2	214	-1	0	18769
2	214	-2	0	18769
2	214	-4	0	18769
2	215	4	4	17689
2	215	2	2	18225
2	215	1	1	18496
2	215	0	0	18769
2	215	-1	0	18769
2	215	-2	0	18769
2	215	-4	0	18769
2	216	4	4	17689
2	216	2	2	18225
2	216	1	1	18496
2	216	0	0	18769
2	216	-1	0	18769
2	216	-2	0	18769
2	216	-4	0	18769
2	217	4	4	17689
2	217	2	2	18225
2	217	1	1	18496
2	217	0	0	18769
2	217	-1	0	18769
2	217	-2	0	18769
2	217	-4	0	18769
2	218	4	4	17689
2	218	2	2	18225
2	218	1	1	18496
2	218	0	0	18769
2	218	-1	0	18769
2	218	-2	0	18769
2	218	-4	0	18769
2	219	4	4	17689
2	219	2	2	18225
2	219	1	1	18496
2	219	0	0	18769
2	219	-1	0	18769
2	219	-2	0	18769
2	219	-4	0	18769
2	220	4	4	17689
2	220	2	2	18225
2	220	1	1	18496
2	220	0	0	18769
2	220	-1	0	18769
2	220	-2	0	18769
2	220	-4	0	18769
2	221	4	4	17689
2	221	2	2	18225
2	221	1	1	18496
2	221	0	0	18769
2	221	-1	0	18769
2	221	-2	0	18769
2	221	-4	0	18769
2	222	4	4	17689
2	222	2	2	18225
2	222	1	1	18496
2	222	0	0	18769
2	222	-1	0	18769
2	222	-2	0	18769
2	222	-4	0	18769
2	223	4	4	17689
2	223	2	2	18225
2	223	1	1	18496
2	223	0	0	18769
2	223	-1	0	18769
2	223	-2	0	18769
2	223	-4	0	18769
2	224	4	4	17689
2	224	2	2	18225
2	224	1	1	18496
2	224	0	0	18769
2	224	-1	0	18769
2	224	-2	0	18769
2	224	-4	0	18769
2	225	4	4	17689
2	225	2	2	18225
2	225	1	1	18496
2	225	0	0	18769
2	225	-1	0	18769
2	225	-2	0	18769
2	225	-4	0	18769
2	226	4	4	17689
2	226	2	2	18225
2	226	1	1	18496
2	226	0	0	18769
2	226	-1	0	18769
2	226	-2	0	18769
2	226	-4	0	18769
2	227	4	4	17689
2	227	2	2	18225
2	227	1	1	18496
2	227	0	0	18769
2	227	-1	0	18769
2	227	-2	0	18769
2	227	-4	0	18769
2	228	4	4	17689
2	228	2	2	18225
2	228	1	1	18496
2	228	0	0	18769
2	228	-1	0	18769
2	228	-2	0	18769
2	228	-4	0	18769
2	229	4	4	17689
2	229	2	2	18225
2	229	1	1	18496
2	229	0	0	18769
2	229	-1	0	18769
2	229	-2	0	18769
2	229	-4	0	18769
2	230	4	4	17689
2	230	2	2	18225
2	230	1	1	18496
2	230	0	0	18769
2	230	-1	0	18769
2	230	-2	0	18769
2	230	-4	0	18769
2	231	4	4	17689
2	231	2	2	18225
2	231	1	1	18496
2	231	0	0	18769
2	231	-1	0	18769
2	231	-2	0	18769
2	231	-4	0	18769
2	232	4	4	17689
2	232	2	2	18225
2	232	1	1	18496
2	232	0	0	18769
2	232	-1	0	18769
2	232	-2	0	18769
2	232	-4	0	18769
2	233	4	4	17689
2	233	2	2	18225
2	233	1	1	18496
2	233	0	0	18769
2	233	-1	0	18769
2	233	-2	0	18769
2	233	-4	0	18769
2	234	4	4	17689
2	234	2	2	18225
2	234	1	1	18496
2	234	0	0	18769
2	234	-1	0	18769
2	234	-2	0	18769
2	234	-4	0	18769
2	235	4	4	17689
2	235	2	2	18225
2	235	1	1	18496
2	235	0	0	18769
2	235	-1	0	18769
2	235	-2	0	18769
2	235	-4	0	18769
2	236	4	4	17689
2	236	2	2	18225
2	236	1	1	18496
2	236	0	0	18769
2	236	-1	0	18769
2	236	-2	0	18769
2	236	-4	0	18769
2	237	4	4	17689
2	237	2	2	18225
2	237	1	1	18496
2	237	0	0	18769
2	237	-1	0	18769
2	237	-2	0	18769
2	237	-4	0	18769
2	238	4	4	17689
2	238	2	2	18225
2	238	1	1	18496
2	238	0	0	18769
2	238	-1	0	18769
2	238	-2	0	18769
2	238	-4	0	18769
2	239	4	4	17689
2	239	2	2	18225
2	239	1	1	18496
2	239	0	0	18769
2	239	-1	0	18769
2	239	-2	0	18769
2	239	-4	0	18769
2	240	4	4	17689
2	240	2	2	18225
2	240	1	1	18496
2	240	0	0	18769
2	240	-1	0	18769
2	240	-2	0	18769
2	240	-4	0	18769
2	241	4	4	17689
2	241	2	2	18225
2	241	1	1	18496
2	241	0	0	18769
2	241	-1	0	18769
2	241	-2	0	18769
2	241	-4	0	18769
2	242	4	4	17689
2	242	2	2	18225
2	242	1	1	18496
2	242	0	0	18769
2	242	-1	0	18769
2	242	-2	0	18769
2	242	-4	0	18769
2	243	4	4	17689
2	243	2	2	18225
2	243	1	1	18496
2	243	0	0	18769
2	243	-1	0	18769
2	243	-2	0	18769
2	243	-4	0	18769
2	244	4	4	17689
2	244	2	2	18225
2	244	1	1	18496
2	244	0	0	18769
2	244	-1	0	18769
2	244	-2	0	18769
2	244	-4	0	18769
2	245	4	4	17689
2	245	2	2	18225
2	245	1	1	18496
2	245	0	0	18769
2	245	-1	0	18769
2	245	-2	0	18769
2	245	-4	0	18769
2	246	4	4	17689
2	246	2	2	18225
2	246	1	1	18496
2	246	0	0	18769
2	246	-1	0	18769
2	246	-2	0	18769
2	246	-4	0	18769
2	247	4	4	17689
2	247	2	2	18225
2	247	1	1	18496
2	247	0	0	18769
2	247	-1	0	18769
2	247	-2	0	18769
2	247	-4	0	18769
2	248	4	4	17689
2	248	2	2	18225
2	248	1	1	18496
2	248	0	0	18769
2	248	-1	0	18769
2	248	-2	0	18769
2	248	-4	0	18769
2	249	4	4	17689
2	249	2	2	18225
2	249	1	1	18496
2	249	0	0	18769
2	249	-1	0	18769
2	249	-2	0	18769
2	249	-4	0	18769
2	250	4	4	17689
2	250	2	2	18225
2	250	1	1	18496
2	250	0	0	18769
2	250	-1	0	18769
2	250	-2	0	18769
2	250	-4	0	18769
2	251	4	4	17689
2	251	2	2	18225
2	251	1	1	18496
2	251	0	0	18769
2	251	-1	0	18769
2	251	-2	0	18769
2	251	-4	0	18769
2	252	4	4	17689
2	252	2	2	18225
2	252	1	1	18496
2	252	0	0	18769
2	252	-1	0	18769
2	252	-2	0	18769
2	252	-4	0	18769
2	253	4	4	17689
2	253	2	2	18225
2	253	1	1	18496
2	253	0	0	18769
2	253	-1	0	18769
2	253	-2	0	18769
2	253	-4	0	18769
2	254	4	4	17689
2	254	2	2	18225
2	254	1	1	18496
2	254	0	0	18769
2	254	-1	0	18769
2	254	-2	0	18769
2	254	-4	0	18769
0
